{
  "FOOD": {
    "precision": 1.0,
    "recall": 1.0,
    "f1-score": 1.0,
    "support": 9.0
  },
  "HELLO": {
    "precision": 1.0,
    "recall": 1.0,
    "f1-score": 1.0,
    "support": 7.0
  },
  "HELP": {
    "precision": 0.875,
    "recall": 0.7777777777777778,
    "f1-score": 0.8235294117647058,
    "support": 9.0
  },
  "MEDICINE": {
    "precision": 0.8823529411764706,
    "recall": 1.0,
    "f1-score": 0.9375,
    "support": 15.0
  },
  "NO": {
    "precision": 1.0,
    "recall": 0.75,
    "f1-score": 0.8571428571428571,
    "support": 8.0
  },
  "THANK_YOU": {
    "precision": 1.0,
    "recall": 1.0,
    "f1-score": 1.0,
    "support": 8.0
  },
  "WATER": {
    "precision": 1.0,
    "recall": 1.0,
    "f1-score": 1.0,
    "support": 8.0
  },
  "YES": {
    "precision": 0.9,
    "recall": 1.0,
    "f1-score": 0.9473684210526315,
    "support": 9.0
  },
  "accuracy": 0.9452054794520548,
  "macro avg": {
    "precision": 0.9571691176470588,
    "recall": 0.9409722222222222,
    "f1-score": 0.9456925862450243,
    "support": 73.0
  },
  "weighted avg": {
    "precision": 0.9480862207896859,
    "recall": 0.9452054794520548,
    "f1-score": 0.9432564842808068,
    "support": 73.0
  }
}