{
  "accuracy": [
    0.2633136212825775,
    0.4615384638309479,
    0.6893491148948669,
    0.8254438042640686,
    0.8846153616905212,
    0.9230769276618958,
    0.9556213021278381,
    0.9674556255340576,
    0.9585798978805542,
    0.9585798978805542,
    0.9940828680992126,
    0.9792899489402771,
    0.9911242723464966,
    0.9940828680992126,
    0.9881656765937805,
    0.9881656765937805,
    0.9940828680992126,
    0.9911242723464966,
    0.9911242723464966,
    0.9911242723464966,
    0.9852070808410645,
    0.9970414042472839,
    0.9940828680992126,
    0.9940828680992126,
    0.9911242723464966,
    0.9911242723464966,
    0.9911242723464966,
    0.9881656765937805,
    0.9940828680992126,
    0.9881656765937805,
    0.9911242723464966,
    0.9940828680992126,
    0.9911242723464966,
    0.9852070808410645,
    0.9852070808410645,
    0.9940828680992126,
    0.9881656765937805,
    0.9881656765937805,
    0.9437869787216187,
    0.8786982297897339,
    0.9230769276618958,
    0.9674556255340576,
    0.9704142212867737,
    0.9792899489402771,
    0.9911242723464966
  ],
  "loss": [
    1.9083648920059204,
    1.4182335138320923,
    0.9401835799217224,
    0.611190915107727,
    0.3987125754356384,
    0.25926724076271057,
    0.16215397417545319,
    0.12552888691425323,
    0.12547235190868378,
    0.11407718062400818,
    0.05626086890697479,
    0.04986927658319473,
    0.03526533767580986,
    0.032788071781396866,
    0.04781106859445572,
    0.029684001579880714,
    0.025039562955498695,
    0.022246526554226875,
    0.02192719839513302,
    0.020668573677539825,
    0.02401040680706501,
    0.016071995720267296,
    0.01458655297756195,
    0.016384001821279526,
    0.019444352015852928,
    0.018460704013705254,
    0.015563864260911942,
    0.019655929878354073,
    0.012745375744998455,
    0.020671067759394646,
    0.017157644033432007,
    0.014619805850088596,
    0.0176253579556942,
    0.018943272531032562,
    0.016615504398941994,
    0.013979684561491013,
    0.014103395864367485,
    0.03085283748805523,
    0.16455377638339996,
    0.301222562789917,
    0.25155723094940186,
    0.08622743934392929,
    0.08210381120443344,
    0.06054555997252464,
    0.03158152103424072
  ],
  "val_accuracy": [
    0.5068492889404297,
    0.5616438388824463,
    0.8082191944122314,
    0.9863013625144958,
    0.9589040875434875,
    0.9726027250289917,
    0.9726027250289917,
    0.9863013625144958,
    0.9863013625144958,
    1.0,
    0.9863013625144958,
    1.0,
    0.9863013625144958,
    1.0,
    1.0,
    1.0,
    1.0,
    1.0,
    1.0,
    1.0,
    1.0,
    1.0,
    1.0,
    1.0,
    1.0,
    1.0,
    0.9863013625144958,
    1.0,
    0.9863013625144958,
    1.0,
    0.931506872177124,
    1.0,
    1.0,
    0.9863013625144958,
    1.0,
    0.9863013625144958,
    0.9863013625144958,
    0.9726027250289917,
    0.9041095972061157,
    0.931506872177124,
    1.0,
    1.0,
    0.9452054500579834,
    1.0,
    1.0
  ],
  "val_loss": [
    1.609022617340088,
    1.136126160621643,
    0.6692554354667664,
    0.4245123863220215,
    0.24182264506816864,
    0.16619998216629028,
    0.10630796104669571,
    0.06539647281169891,
    0.09328868240118027,
    0.06614462286233902,
    0.08719686418771744,
    0.06021719053387642,
    0.054572880268096924,
    0.04945218935608864,
    0.039152536541223526,
    0.03248978778719902,
    0.029881641268730164,
    0.039322152733802795,
    0.03451121971011162,
    0.049084942787885666,
    0.039259374141693115,
    0.03000125102698803,
    0.02632499486207962,
    0.05106557905673981,
    0.03905381262302399,
    0.022140774875879288,
    0.056639984250068665,
    0.02475503273308277,
    0.06956341862678528,
    0.024321196600794792,
    0.0658290907740593,
    0.028051063418388367,
    0.040597718209028244,
    0.05510653555393219,
    0.020410913974046707,
    0.09270650148391724,
    0.090301513671875,
    0.0628749281167984,
    0.2941131889820099,
    0.1577979475259781,
    0.08044310659170151,
    0.06620332598686218,
    0.1224527657032013,
    0.040118321776390076,
    0.04846649989485741
  ]
}